{"best_checkpoint": {"name": "1345_Step-0.ckpt", "avg_eval_metric": 43.51455830615105, "time_stamp": 359.212}, "last_checkpoint": {"name": "1345_Step-0.ckpt", "avg_eval_metric": 43.51455830615105, "time_stamp": 359.212}}